기관명,기관명(영문),소속기관,기관 구분,학술지한글명,학술지외국어명,P-ISSN,E-ISSN,대분류,중분류,사용언어,등재구분,창간년도,발행간기
법학연구소,"The Institute for Legal Studies, INHA UNIVERSITY",인하대학교,대학부설연구소,IP & Data 法,IP&Data Law,2765-7884,,사회과학,법학,한국어,등재,202106,연2회
IT와 법연구소,IT & Law Research Institute,경북대학교,대학부설연구소,IT와 법연구,IT&LAW REVIEW,1975-8766,2713-8836,사회과학,법학,한국어,등재,200701,연2회
(사) 이준국제법연구원,YIJUN Institute of International Law,,학회,Journal of East Asia and International Law,Journal of East Asia and Internaional Law,1976-9229,2287-9218,사회과학,법학,영어,등재,2008,연2회
아시아태평양법연구소,Asia Pacific Law Institute,서울대학교,대학부설연구소,Journal of Korean Law,,1598-1681,,사회과학,법학,영어,등재,200102,연2회
한국법제연구원,Korea Legislation Research Institute,,일반기관,Korea Legislation Research Institute Journal of Law and Legislation,Korea Legislation Research Institute Journal of Law and Legislation,2234-7526,,사회과학,법학,영어,등재,201112,연2회
법학연구소,Chungnam National University Law Research Institute,충남대학교,대학부설연구소,The Journal of Law & IP,,2635-5132,,사회과학,법학,한국어,등재,201012,연2회
법학연구원,Institute of Legal Research Chung-Ang University,중앙대학교,대학부설연구소,法學論文集,,1225-5726,,사회과학,법학,한국어,등재,197309,연3회
한국가족법학회,The Korean Society Of Family Law,,학회,가족법연구,Korean Journal of Family Law,1225-1224,,사회과학,법학,한국어,등재,1984,연3회
법학연구소,,가천대학교,대학부설연구소,가천법학,Gachon Law Review,2713-8151,2713-816X,사회과학,법학,한국어,등재,200812,연4회
비교법학연구소,"Institute of Comparative Legal Studies, Kangwon National  University",강원대학교,대학부설연구소,강원법학,kangwon Law Review,1229-4578,2713-6264,사회과학,법학,한국어,등재,198507,연4회
사단법인 한국건설법무학회,Korean Society of Construction Legal Affairs,,학회,건설법무,Construction law ,2466-0035,,사회과학,법학,한국어,등재,2015,연1회
사단법인 건설법학회,Construction and Urban Development Law Association,,학회,건설법연구,Construction & Urban Development Law Association,2671-5104,,사회과학,법학,한국어,등재후보,201903,연2회
한국경영법률학회,The Korean Academic Society Of Business Administration And Law,,학회,경영법률,Journal of Business Administration & Law,1229-3261,,사회과학,법학,한국어,등재,1985,연4회
한국경쟁법학회,Korean Competition Law Association,,학회,경쟁법연구,Journal of Korean Competition Law,1598-2335,2671-6402,사회과학,법학,한국어,등재,1989,연2회
법학연구소,The Law Research Institute Seoul National University,서울대학교,대학부설연구소,경제규제와 법,,2005-0372,,사회과학,법학,한국어,등재,200805,연2회
한국경제법학회,Korea Economic Law Association,,학회,경제법연구,,1738-5458,2713-6299,사회과학,법학,한국어,등재,1982,연3회
한국경찰법학회,Korean Association  of  Police & Law,,학회,경찰법연구,Journal of Police & Law,1598-8961,2714-1365,사회과학,법학,한국어,등재,200306,연3회
경찰대학,Korea National Police University,경찰대학,대학부설연구소,경찰학연구,The Journal of Police Science,1598-3714,2733-418X,사회과학,법학,한국어,등재,2001,연4회
법학연구소,"The Institute of Legal Studies, Kyunghee University",경희대학교,대학부설연구소,경희법학,Kyung Hee Law Journal,1229-2478,,사회과학,법학,한국어,등재,195812,연4회
한국저작권위원회,Korea Copyright Commission,,학회,계간 저작권,Copyright Quarterly,1226-0967,,사회과학,법학,한국어,등재,1988,연4회
법학연구원,Legal Research Institute of Korea University ,고려대학교,대학부설연구소,고려법학,Korea Law Review,1598-1584,2672-0736,사회과학,법학,한국어,등재,195803,연4회
한국공법학회,Korean Public Law Association,,학회,공법연구,Public Law,1225-4444,,사회과학,법학,한국어,우수등재,1971,연4회
한국비교공법학회,Korean Comparative Public Law Association,,학회,공법학연구,Public Law Journal,1598-1304,,사회과학,법학,한국어,등재,1999,연4회
법학연구소,"Law Research Institute, Chungbuk National University",충북대학교,대학부설연구소,과학기술과 법,"Science, Technology and Law",2093-5927,2671-5996,사회과학,법학,한국어,등재,201006,연2회
과학기술법연구원,Institute for Law of Science & Technology,한남대학교,대학부설연구소,과학기술법연구,,1226-4148,2671-5295,사회과학,법학,한국어,등재,199512,연3회
아시아교정포럼,Asian Forum for Corrections,,학회,교정담론,Korean Journal of Correctional Discourse,1976-9121,,사회과학,법학,한국어,등재,2007,연3회
한국교정학회,Korean Society for Corrections Service,,학회,교정연구,Corrections Review,1226-6809,2466-0698,사회과학,법학,한국어,등재,199106,연3회
사단법인 교통법정책학회,Korean Traffic Law Assocition,,학회,교통학연구,,2951-6226,,사회과학,법학,한국어,등재후보,2022,연2회
사단법인 한국국가법학회,National Public Law Association of Korea,,학회,국가법연구,National Public law Review,1738-7310,,사회과학,법학,한국어,등재,2005,연4회
국제거래법학회,Korea International Trade Law Association,,학회,국제거래법연구,Korean Forum on International Trade and Business Law,1229-3822,,사회과학,법학,한국어,등재,1992,연2회
법학연구소,The Institute for Legal Studies Dong-A University ,동아대학교,대학부설연구소,국제거래와 법,Journal of International Business Transactions Law,2982-5903,2982-5946,사회과학,법학,한국어,등재,200909,연4회
(사)한국국제경제법학회,Korean Society of International Economic Law,,학회,국제경제법연구,Korean Journal of International Economic Law,2005-9949,2714-1209,사회과학,법학,한국어,등재,2003,연3회
법과정책연구원,The Institute of Law & Policy Jeju National University,제주대학교,대학부설연구소,국제법무,International Law Review,2005-9973,,사회과학,법학,한국어,등재,200905,연2회
법무부,Ministry of Justice,,학회,국제법무연구,Journal of International Legal Affairs ,3092-1406,3092-1392,사회과학,법학,한국어,등재,199502,연4회
국제법평론회,Korea International Law Review,,학회,국제법평론,Korea International Law Review,1226-7880,,사회과학,법학,한국어,등재,1993,연3회
대한국제법학회,The Korean Society Of International Law,,학회,국제법학회논총,The Korean Journal of International Law,1226-2994,,사회과학,법학,한국어,등재,195603,연4회
한국국제사법학회,Korea Private International Law Association,,학회,국제사법연구,Korea Private International Law Journal,1738-6306,,사회과학,법학,한국어,등재,199512,연2회
국제해양법학회,The Korean Society of The Law of the Sea,,학회,국제해양법연구,The Korean Journal of the Law of the Sea,2586-4505,,사회과학,법학,한국어,등재후보,201712,연2회
한국금융법학회,,,학회,금융법연구,Korea Financial Law Association,1738-3706,,사회과학,법학,한국어,등재,2004,연3회
한국기업법학회,,,학회,기업법연구,Business Law  Review,1598-3722,2733-6700,사회과학,법학,한국어,등재,1994,연4회
한국비교노동법학회,The Korea Society Of Comparative Labor Law,,학회,노동법논총,The Journal of Labor Law,1229-4314,,사회과학,법학,한국어,등재,1998,연3회
서울대학교노동법연구회,,,학회,노동법연구,Labor Law Review,1228-2499,,사회과학,법학,한국어,등재,1991,연2회
노동법이론실무학회,society of laborlaw theory and profession,,학회,노동법포럼,labor law forum,2005-4645,,사회과학,법학,한국어,등재,2008,연3회
한국노동법학회,The Korea Society Of Labor Law,,학회,노동법학,Journal of Labour Law,1229-2141,,사회과학,법학,한국어,우수등재,198709,연4회
(사)한국동물법연구회,Korea Animal Law Association,,학회,동물법연구,,2713-9301,,사회과학,법학,한국어,등재후보,202002,연1회
동북아법연구소,The Institute for Northeast Asian Law Chonbuk National University,전북대학교,대학부설연구소,동북아법연구,,1976-5037,,사회과학,법학,한국어,등재,200706,연3회
법학연구소,The Institute for Legal Studies Dong-A University ,동아대학교,대학부설연구소,동아법학,DONG-A LAW REVIEW,1225-3405,2713-5470,사회과학,법학,한국어,등재,198511,연4회
사)디지털금융법포럼,Digital Financial Law Forum,,학회,디지털금융법연구,Korean Journal of Digital Financial Law,3022-4861,,사회과학,법학,한국어,등재후보,202306,연2회
법학연구소,Myongji University Law Research Institute,명지대학교(서울캠퍼스),대학부설연구소,명지법학,Myongji Law Review,1229-7585,2765-4869,사회과학,법학,한국어,등재,200002,연2회
법학연구원 문화.미디어.엔터테인먼트법연구소,"The institute for Culture, Media, and Entertainment Laws",중앙대학교,대학부설연구소,문화미디어엔터테인먼트법,,2092-6138,2713-9417,사회과학,법학,한국어,등재,200710,연2회
한국문화예술법학회,Korean Culture - Art Law Association,,학회,문화예술과 법,,2799-2802,,사회과학,법학,한국어,등재후보,2021,연2회
미국헌법학회,,,학회,미국헌법연구,Study on The American Constitution,1225-4746,,사회과학,법학,한국어,등재,199011,연3회
민사법의 이론과 실무학회,The Association of Theory and Practice of  Private Law,,학회,민사법의 이론과 실무,,1598-9801,,사회과학,법학,한국어,등재,1997,연3회
한국민사법학회,Korean Civil Law Association,,학회,민사법학,The Korean Journal of Civil Law,1226-5004,,사회과학,법학,한국어,우수등재,1978,연4회
한국민사소송법학회,Korean Association Of The Law Of Civil Procedure,,학회,민사소송,CIVIL PROCEDURE,1226-7686,,사회과학,법학,한국어,등재,1998,연3회
한국민사집행법학회,The Association of Korean Civil Judgment Enforcement Law,,학회,민사집행법연구,Journal Of Civil Judgment Enforcement Law,1738-6071,,사회과학,법학,한국어,등재,2005,연1회
민주주의법학연구회,Democratic Legal Studies Association(Delsa),,학회,민주법학,Democratic Legal Studies,1226-6612,2765-5911,사회과학,법학,한국어,등재,198904,연3회
범죄수사연구원,Criminal Investigation Institute at Korean National Police University,경찰대학,대학부설연구소,범죄수사학연구,,2466-1236,,사회과학,법학,한국어,등재,2015,연3회
한국법경제학회,Korean Law And Economics Association,,학회,법경제학연구,Korean Journal of Law and Economics,1738-3951,2734-0139,사회과학,법학,한국어,등재,2004,연3회
법학연구소,"The Institute for Legal Studies, Sogang University",서강대학교,대학부설연구소,법과 기업 연구,,2234-1951,2713-6116,사회과학,법학,한국어,등재,201107,연3회
법과사회이론학회,Korean Law & Society Association,,학회,법과사회,Korean Journal of Law & Society,1227-0954,,사회과학,법학,한국어,등재,1989,연3회
법과정책연구원,The Institute of Law & Policy Jeju National University,제주대학교,대학부설연구소,법과정책,Law & Policy Review,1738-2467,,사회과학,법학,한국어,등재,199510,연3회
한국법정책학회,Korean Association Of Law And Politics ,,학회,법과정책연구,Journal of Law and Politics research,1598-5210,,사회과학,법학,한국어,등재,2001,연4회
한국법사학회,The Korean Society Of Legal History,,학회,법사학연구,,1226-2773,,사회과학,법학,한국어,등재,1974,연2회
사단법인 한국법이론실무학회,The Korea Society for Legal Theory and Practice Inc.,,학회,법이론실무연구,Legal Theory & Practice Review,2288-1840,,사회과학,법학,한국어,등재,2013,연4회
법제처,Ministry of Government Legislation,,일반기관,법제,,1739-9904,2713-6779,사회과학,법학,한국어,등재,1958,연4회
한국법제연구원,Korea Legislation Research Institute,,일반기관,법제연구,JOURNAL OF LEGISLATION RESEARCH,1226-3664,2733-4724,사회과학,법학,한국어,등재,199112,연2회
사단법인 법조협회,KOREAN LAWYERS ASSOCIATION,,일반기관,법조,Korean Lawyers Association Journal,1598-4729,2671-8456,사회과학,법학,한국어,우수등재,194904,연6회
한국법철학회,Korean Association Of Legal Philosophy,,학회,법철학연구,Korean Journal of Legal Philosophy,1226-8445,,사회과학,법학,한국어,등재,1998,연3회
법학연구원,Law Research Institute,경북대학교,대학부설연구소,법학논고,KYUNGPOOK NATIONAL UNIVERSITY LAW JOURNAL,1738-5903,2733-9912,사회과학,법학,한국어,등재,198512,연4회
법학연구소,Ewha Legal Science Institute,이화여자대학교,대학부설연구소,법학논집,,1226-2005,,사회과학,법학,한국어,등재,199606,연4회
법학연구원,The Legal Studies Institute of Chosun Universiry,조선대학교,대학부설연구소,법학논총,The Legal Studies Institute of Chosun University,1738-1363,2671-6690,사회과학,법학,한국어,등재,199503,연3회
법학연구소,Institute for legal study ,단국대학교,대학부설연구소,법학논총,Dankook Law Riview,1738-3242,,사회과학,법학,한국어,등재,195810,연4회
법학연구소,Legal Research Institute Kookmin University,국민대학교,대학부설연구소,법학논총,KOOKMIN LAW REVIEW,1225-9969,,사회과학,법학,한국어,등재,198902,연3회
법학연구소,Legal Research Institute of Chonnam National University,전남대학교,대학부설연구소,법학논총,,1738-6233,,사회과학,법학,한국어,등재,199112,연4회
법학연구소,SOONG SIL UNIVERSITY INSTITUTE FOR THE LEGAL STUDIES,숭실대학교,대학부설연구소,법학논총,,1975-0005,2671-7557,사회과학,법학,한국어,등재,198405,연3회
법학연구소,The Institute for Legal Studies,한양대학교,대학부설연구소,법학논총,,1225-228X,2713-6140,사회과학,법학,한국어,등재,198402,연4회
법학연구원,"Institute of Legal Studies, Yonsei University",연세대학교,대학부설연구소,법학연구,,1226-8879,,사회과학,법학,한국어,등재,197312,연4회
한국법학회,Korean Law Association,,학회,법학연구,Law Review,1229-3113,,사회과학,법학,한국어,등재,199802,연4회
부설법학연구소,LEGAL RESEARCH INSTITUTE CHONBUK NATIONAL UNIVERSITY,전북대학교,대학부설연구소,법학연구,CHONBUK LAW REVIEW,1598-8937,,사회과학,법학,한국어,등재,197304,연3회
법학연구소,"Law Research Institute, Chungbuk National University",충북대학교,대학부설연구소,법학연구,,1225-2832,2671-5988,사회과학,법학,한국어,등재,198912,연2회
법학연구소,Chungnam National University Law Research Institute,충남대학교,대학부설연구소,법학연구,Journal of Law,1229-2699,2671-8553,사회과학,법학,한국어,등재,199012,연4회
법학연구소,"The Institute for Legal Studies, INHA UNIVERSITY",인하대학교,대학부설연구소,법학연구,InHa Law Review,1229-6910,2765-5474,사회과학,법학,한국어,등재,199912,연4회
법학연구소,Institute of Law Studies PUSAN NATIONAL UNIVERSITY,부산대학교,대학부설연구소,법학연구,,1225-2689,2671-6216,사회과학,법학,한국어,등재,195605,연4회
법학연구소,Law Research Institute ,경상국립대학교,대학부설연구소,법학연구,The Journal of Legal Studies,1975-2784,,사회과학,법학,한국어,등재,198807,연4회
서울지방변호사회,Seoul Bar Association,,일반기관,변호사,Seoul Bar Association Law Journal,1975-4493,,사회과학,법학,한국어,등재후보,1969,연1회
(사)한국보험법학회,Korean Insurance Law Association,,학회,보험법연구,Korea Insurance Law Journal,1598-8627,,사회과학,법학,한국어,등재,2007,연3회
한국보호관찰학회,Korean Association of Probation and Parole Services,,학회,보호관찰,Korean Journal of Probation,1598-7558,,사회과학,법학,한국어,등재,2001,연2회
한국부동산경영학회,Kprea Real Eatate Management Academy,,학회,부동산경영,Journal of the Korea Real Estate Management Review,2288-7393,,사회과학,법학,한국어,등재,2010,연2회
한국부동산법학회,KOREA ASSOCIATION OF REAL ESTATE LAW,,학회,부동산법학,Real Estate Law Review,1598-9577,,사회과학,법학,한국어,등재,1985,연4회
한국부동산연구원,korea real estate research institute,,학회,부동산연구,Korea Real Estate Review,2092-5395,2733-8339,사회과학,법학,한국어,등재,199101,연4회
한국부패방지법학회,Korean Anti-Corruption Law Association,,학회,부패방지법연구,Anti-Corruption Law,2635-702X,,사회과학,법학,한국어,등재후보,2018,연2회
통일과북한법학회,Korea Society of Unification & North Korean Law Studies,,학회,북한법연구,STUDIES ON NORTH KOREAN LAW,1738-0189,,사회과학,법학,한국어,등재,199712,연2회
비교법문화연구소,The Institute of Comparative Law and Legal Culture,동국대학교,대학부설연구소,비교법연구,The Journal of Comparative Law,1598-3285,2950-8533,사회과학,법학,한국어,등재,200006,연3회
한국사법학회,The Korean Association of Private Law,,학회,비교사법,The Journal of Comparative Private Law,1229-5205,,사회과학,법학,한국어,등재,1994,연4회
한국비교형사법학회,Korean Association Of Comparative Criminal Law,,학회,비교형사법연구,Korean Journal of Comparative Criminal Law,1598-091X,,사회과학,법학,한국어,등재,1999,연4회
사법발전재단,,,학회,사법,JURIS,1976-3956,2671-5899,사회과학,법학,한국어,등재,200709,연4회
한국사회법학회,The Korean Association of Social Security Law,,학회,사회법연구,Journal of Social Security Law,1738-1118,2733-9580,사회과학,법학,한국어,등재,200312,연3회
서울대 사회보장법연구회,SNU Society of Social Security Law,,학회,사회보장법연구,Social Security Law Review,2287-2108,,사회과학,법학,한국어,등재,201206,연2회
한국사회보장법학회,Korean Social Security Law Association,,학회,사회보장법학,,2287-5816,,사회과학,법학,한국어,등재,2012,연2회
한국지식재산학회,Korea Intellectual Property Society,,학회,산업재산권,Journal of Industrial Property,1598-6055,2733-9483,사회과학,법학,한국어,등재,199512,연3회
한국상사법학회,,,학회,상사법연구,KOREAN COMMERCIAL LAW ASSOCIATION,1226-3362,,사회과학,법학,한국어,등재,198010,연4회
한국상사판례학회,The Korea Commercial Cases Association,,학회,상사판례연구,Commercial Cases Review,1225-0392,2672-1899,사회과학,법학,한국어,등재,1986,연4회
법학연구소,"The Institute for Legal Studies, Sogang University",서강대학교,대학부설연구소,서강법률논총,,2234-7399,2713-6132,사회과학,법학,한국어,등재,201202,연3회
서울국제법연구원,Seoul International Law Academy,,일반기관,서울국제법연구,Seoul International Law Journal,1226-3508,2671-6747,사회과학,법학,한국어,등재,199411,연2회
법학연구소,The Law Research Institute Seoul National University,서울대학교,대학부설연구소,서울대학교 법학,,1598-222X,2714-0113,사회과학,법학,한국어,등재,195906,연4회
서울시립대학교 법학연구소,Law Research Institute in University of Seoul ,서울시립대학교,대학부설연구소,서울법학,Seoul Law Review,1976-5169,,사회과학,법학,한국어,등재,200708,연4회
법무부,Ministry of Justice,,학회,선진상사법률연구,Advanced Commercial Law Review,2092-7096,,사회과학,법학,한국어,등재,2000,연4회
법학연구원,The Institute of Legal Studies,성균관대학교,대학부설연구소,성균관법학,SungKyunKwan Law Review,1229-943X,2671-7646,사회과학,법학,한국어,등재,198709,연4회
세계헌법학회한국학회,Korean Association of International Association of Constitutional Law ,,학회,세계헌법연구,World Constitutional Law Review,1226-6825,,사회과학,법학,한국어,등재,1995,연3회
한국세무사회 부설 한국조세연구소,Korea Tax Research Institute,,학회,세무와 회계연구,Tax and Accounting Review,2287-4720,,사회과학,법학,한국어,등재,2012,연4회
한국소년정책학회,,,학회,소년보호연구,Korean Juvenile Protection Review,1598-8163,2734-0414,사회과학,법학,한국어,등재,1999,연2회
한국소비자법학회,Korea consumer law association,,학회,소비자법연구,,2465-8731,2733-841X,사회과학,법학,한국어,등재,201508,연4회
한국스포츠엔터테인먼트법학회,The Korean Association of Sports & Entertainment Law,,학회,스포츠엔터테인먼트와 법,The Journal of Sports and Entertainment Law,1598-527X,,사회과학,법학,한국어,등재,2000,연4회
법학연구소,Legal Research Institute of Ajou University,아주대학교,대학부설연구소,아주법학,Ajou Law Review,1976-3115,,사회과학,법학,한국어,등재,200707,연4회
안암법학회,Anam Law Association,,학회,안암법학,Anam Law Review,1226-6159,,사회과학,법학,한국어,등재,199309,연2회
연세법학회,Yonsei Law Association ,,학회,연세법학,YONSEI LAW JOURNAL ,1226-8887,,사회과학,법학,한국어,등재,1990,연3회
법학연구소,,영남대학교,대학부설연구소,영남법학,,1225-6722,,사회과학,법학,한국어,등재,199401,연2회
법학연구소,The HUFS Law Research Institute,한국외국어대학교,대학부설연구소,외법논집,HUFS Law Review,1226-0886,,사회과학,법학,한국어,등재,199412,연4회
법학연구소,Journal of Law research,원광대학교,대학부설연구소,원광법학,,1598-429X,2508-4526,사회과학,법학,한국어,등재,196201,연4회
유럽헌법학회,,,학회,유럽헌법연구,,1976-4383,,사회과학,법학,한국어,등재,2007,연3회
한국유통법학회,Korea Distribution Law Association,,학회,유통법연구,Distribution Law Review,2384-0803,,사회과학,법학,한국어,등재,2014,연2회
대한의료법학회,The Korean Society Of Law And Medicine,,학회,의료법학,THE KOREAN SOCIETY OF LAW AND MEDICINE,1229-8069,,사회과학,법학,한국어,등재,2000,연4회
법학연구소,Journal of Law research,원광대학교,대학부설연구소,의생명과학과법,,2092-8599,,사회과학,법학,한국어,등재,200906,연2회
젠더법학연구소,Institute for Gender and Law,이화여자대학교,대학부설연구소,이화젠더법학,Ewha Journal of Gender and Law,2093-3738,2713-5977,사회과학,법학,한국어,등재,201003,연3회
대한변호사협회,Korean Bar Associtaion,,일반기관,인권과 정의,Human Right and Justice,1225-6854,2713-7562,사회과학,법학,한국어,등재,1972,연8회
공익인권법센터,Center for Public Interest & Human Rights Law Chonnam National University,전남대학교,대학부설연구소,인권법평론,,1976-6238,,사회과학,법학,한국어,등재,200712,연2회
한국인권학회,Korean Association of Human Rights Studies,,학회,인권연구,Journal of Human Rights Studies,2635-4632,2765-6748,사회과학,법학,한국어,등재,2018,연2회
법학연구소,The Institute of Legal Studies Konkuk University,건국대학교,대학부설연구소,일감법학,Ilkam Law Review,1975-9789,,사회과학,법학,한국어,등재,199608,연3회
법학연구소,The Institute of Legal Studies Konkuk University,건국대학교,대학부설연구소,일감부동산법학,Ilkam Real Estate Law Review,1976-4324,,사회과학,법학,한국어,등재,200709,연2회
한국입법학회,Korean Society of legislation Studies,,학회,입법학연구,Journal of Legislation Studies,1229-9251,,사회과학,법학,한국어,등재,200010,연2회
한국재산법학회,THE KOREAN SOCIETY OF PROPERTY LAW,,학회,재산법연구,THE JOURNAL OF PROPERTY LAW,1229-3962,,사회과학,법학,한국어,등재,1984,연4회
한국재정법학회,Korea Public Finance Law Association,,학회,재정법연구,The journal of Public Finance Law,2005-9930,,사회과학,법학,한국어,등재후보,200806,연2회
한국법학원,Korean Society of Law,,일반기관,저스티스,The Justice,1598-8015,2671-5309,사회과학,법학,한국어,등재,195710,연6회
한국정보법학회,Korea Association For Info-Media Law(Kafil),,학회,정보법학,Journal of Korea Infomation Law,1598-5911,,사회과학,법학,한국어,등재,1997,연3회
한국조세법학회,KOREAN SOCIETY OF TAX LAW,,학회,조세논총,The Korean Journal of Taxation,2508-6707,,사회과학,법학,한국어,등재,2016,연4회
한국세법학회,Tax Law Association,,학회,조세법연구,Seoul Tax Law  Review,1598-4796,,사회과학,법학,한국어,등재,1995,연3회
한국조세연구포럼,Korea Tax Research Forum,,학회,조세연구,,2287-1845,2733-9645,사회과학,법학,한국어,등재,2001,연4회
서울시립대학교 법학연구소,Law Research Institute in University of Seoul ,서울시립대학교,대학부설연구소,조세와 법,TAX and LAW,2005-1301,,사회과학,법학,한국어,등재,200806,연2회
한국국제조세협회,"International  Fiscal Association, Korea",,학회,조세학술논집,"Journal of IFA, Korea",1598-477X,,사회과학,법학,한국어,등재,1984,연3회
한중법학회,The Korea-China Society of Law,,학회,중국법연구,Chinese Law Review,1738-7051,,사회과학,법학,한국어,등재,1997,연3회
중앙법학회,Chung-Ang Law Association,,학회,중앙법학,CHUNG_ANG LAW REVIEW,1598-558X,,사회과학,법학,한국어,등재,1999,연4회
한국증권법학회,Korea Securities Law Association,,학회,증권법연구,The Korean Journal of Securities Law,1598-0448,,사회과학,법학,한국어,등재,200012,연3회
한국지방세학회,Korea Local Tax Association,,학회,지방세논집,Local Tax Review,2383-580X,2733-9491,사회과학,법학,한국어,등재,201405,연3회
한국지방자치법학회,Korean Local Government Law Assosition,,학회,지방자치법연구,Local Government Law Journal,1598-6128,,사회과학,법학,한국어,등재,200109,연4회
한국지식재산연구원,Korea Institute of Intellectual Property,,학회,지식재산연구,Journal of Intellectual Property,1975-5945,2733-8487,사회과학,법학,한국어,등재,200606,연4회
한국집합건물법학회, Korean Association of Aggregate Building Law,,학회,집합건물법학,The Korean Aggregate Buildings Law,2005-1247,,사회과학,법학,한국어,등재,2008,연4회
한국토지공법학회,Korean Public Land Law Association,,학회,토지공법연구,Public Land Law Review,1226-251X,2733-8371,사회과학,법학,한국어,등재,199504,연4회
한국토지법학회,Korea Land Law Studies Association,,학회,토지법학,LAND LAW REVIEW,1226-2927,,사회과학,법학,한국어,등재,1985,연2회
법무부,Ministry of Justice,,학회,통일과 법률,Unification & Law,2093-1859,2713-6124,사회과학,법학,한국어,등재,201002,연4회
한국피해자학회,Korean Association Of Victimology,,학회,피해자학연구,Korean Journal of Victimology,1229-2923,,사회과학,법학,한국어,등재,199211,연3회
한국의료법학회,,,학회,한국의료법학회지,Korean Journal of Medicine and Law,1598-9178,,사회과학,법학,한국어,등재,1996,연2회
한국해법학회,,,학회,한국해법학회지,The Journal of Korea Maritime Law Association,1598-0812,,사회과학,법학,한국어,등재,1979,연2회
한양법학회,Han Yang Law Association,,학회,한양법학,HAN YANG LAW REVIEW,1226-8062,,사회과학,법학,한국어,등재,199002,연4회
한국항공우주정책⋅법학회,Korea Society of Air & Space Law and Policy,,학회,항공우주정책 ·법학회지,The Korean Journal of Air & Space Law and Policy,1598-8988,,사회과학,법학,한국어,등재,1989,연4회
한국해사법학회,The Korea Institute Of Maritime Law,,학회,해사법연구,MARITIME LAW REVIEW,1598-1053,2671-8235,사회과학,법학,한국어,등재,1989,연3회
행정법이론실무학회,Korea Administrative Law And Practice Association(약칭 KALPA),,학회,행정법연구,Administrative Law Journal,1738-3056,,사회과학,법학,한국어,등재,199706,연3회
한국행정법학회,Korean Administrative Law Association,,학회,행정법학,Korean Journal of Administrative Law,2287-5778,,사회과학,법학,한국어,등재,201109,연2회
한국행정판례연구회,Korea Public Administration Case Study Association,,학회,행정판례연구,Studies on Public Administration Cases,1599-7413,,사회과학,법학,한국어,등재,1992,연2회
헌법재판연구원,Constitutional Research Institute,,학회,헌법재판연구,Journal of Constitutional Justice,2383-8108,,사회과학,법학,한국어,등재,2014,연2회
한국헌법학회,,,학회,헌법학연구,Constitutional Law,1229-3784,2733-8959,사회과학,법학,한국어,등재,1995,연4회
한국형사법학회,The Korean Criminal Law Association,,학회,형사법연구,Journal of Criminal Law,1598-0979,1598-0979,사회과학,법학,한국어,우수등재,1988,연4회
대검찰청,,,일반기관,형사법의 신동향,Contemporary Review of Criminal Law,1976-5789,,사회과학,법학,한국어,등재,200604,연4회
한국형사소송법학회,The Korean Association of Criminal Procedure Law,,학회,형사소송 이론과 실무,Theories and Practices of Criminal Procedure,,2765-530X,사회과학,법학,한국어,등재,200912,연4회
한국형사정책학회,Korean Association Of Criminology,,학회,형사정책,Korean Journal Of Criminology,1226-2595,,사회과학,법학,한국어,등재,1986,연4회
한국형사법무정책연구원,Korean Institute of Criminology,,일반기관,형사정책연구,Korean Criminological Review,1225-7559,3058-860X,사회과학,법학,한국어,등재,199009,연4회
한국형사판례연구회,Korean Association of Criminal Case Studies,,학회,형사판례연구,Korean Journal of Criminal Case Studies,1225-6005,,사회과학,법학,한국어,등재,1993,연1회
법학연구소,The Law Reasearch institutute of Hongik Univ.,홍익대학교,대학부설연구소,홍익법학,Journal of hongik law review,1975-9576,,사회과학,법학,한국어,등재,200702,연4회
비교법학연구소,"Institute of Comparative Legal Studies, Kangwon National  University",강원대학교,대학부설연구소,환경법과 정책,Environmental Law and Policy,1976-3743,2713-9786,사회과학,법학,한국어,등재,200812,연3회
한국환경법학회,Korean Environmental Law Association,,학회,환경법연구,Environmental Law Review,1225-116X,,사회과학,법학,한국어,등재,1979,연3회
한국채무자회생법학회,The Korean Association of Rehabilitation Bankruptcy Law,,학회,회생법학,Korean Law Review for  Rehabilitation and Bankruptcy,2093-6923,,사회과학,법학,한국어,등재,2010,연2회
